<?xml version="1.0" encoding="UTF-8"?>
<beans xmlns="http://www.springframework.org/schema/beans"
	xmlns:xsi="http://www.w3.org/2001/XMLSchema-instance" xmlns:context="http://www.springframework.org/schema/context"
	xmlns:mvc="http://www.springframework.org/schema/mvc" xmlns:p="http://www.springframework.org/schema/p"
	xmlns:aop="http://www.springframework.org/schema/aop"
	xsi:schemaLocation="http://www.springframework.org/schema/aop http://www.springframework.org/schema/aop/spring-aop.xsd
	    http://www.springframework.org/schema/beans http://www.springframework.org/schema/beans/spring-beans.xsd
		http://www.springframework.org/schema/context http://www.springframework.org/schema/context/spring-context.xsd
		http://www.springframework.org/schema/mvc http://www.springframework.org/schema/mvc/spring-mvc.xsd">
	
	<context:annotation-config></context:annotation-config>
	<context:component-scan base-package="com.demo"></context:component-scan>
	<aop:aspectj-autoproxy></aop:aspectj-autoproxy>
	<!-- <bean id="hello" class="com.demo.bean.HelloWorld">
	
	</bean>	 -->
	<bean id="propPlaceHolder" class="org.springframework.beans.factory.config.PropertyPlaceholderConfigurer">
	   <property name="location" value="data.properties"></property>
	</bean>
	
	<bean id="addr1" class="com.demo.bean.Address" scope="singleton">
	  <property name="aid" value="111"></property>
	  <property name="street" value="Aundh"></property>
	  <property name="city" value="Pune"></property>
	</bean>
	<bean id="addr2" class="com.demo.bean.Address" scope="singleton">
	  <property name="aid" value="22"></property>
	  <property name="street" value="Baner"></property>
	  <property name="city" value="Pune"></property>
	</bean>  
	<bean id="addr3" class="com.demo.bean.Address" scope="singleton">
	  <property name="aid" value="33"></property>
	  <property name="street" value="Baner"></property>
	  <property name="city" value="Pune"></property>
	</bean>
	<bean id="u1" class="com.demo.bean.User" scope="singleton" init-method="myinit" destroy-method="mydestroy">
	  <property name="uid" value="${user1.id}"></property>
	  <property name="name" value="${user1.name}"></property>
	  <property name="addr1">
	  <list>
	      <ref bean="addr1"></ref>
	      <ref bean="addr2"></ref>
	      <ref bean="addr3"></ref>
	  </list>
	  </property>
	  
	</bean>
	<bean id="u2" class="com.demo.bean.User" scope="prototype" autowire="constructor">
	  <constructor-arg index="0" value="12"></constructor-arg>
	  <constructor-arg index="1" value="Rajan"></constructor-arg>
	  
	</bean>
	
	
		
</beans>